<Ui xmlns="http://www.blizzard.com/wow/ui/" xmlns:xsi="http://www.w3.org/2001/XMLSchema-instance" xsi:schemaLocation="http://www.blizzard.com/wow/ui/">
	<Script file="localization-en-US.lua"/>
	<Script file="dueltracker.lua"/>
	<Script file="dueltracker-communication.lua"/>
	<Script file="dueltracker-stat.lua"/>
	<Script file="dueltracker-who.lua"/>
	<Frame name="DuelTrackerFrame" hidden="true">
		<Scripts>
			<OnLoad>
				DuelTracker_OnLoad();
			</OnLoad>
			<OnUpdate>
				DuelTracker_OnUpdate(arg1);
			</OnUpdate>
			<OnEvent>
				DuelTracker_OnEvent(event);
			</OnEvent>
		</Scripts>
	</Frame>
</Ui>
